periodo,fecha_cierre,anio,trimestre,compania_id,compania,origen_capital,segmento,perfil_negocio,prima_directa_millones_clp,prima_retenida_neta_millones_clp,prima_vida_proteccion_millones_clp,prima_salud_millones_clp,prima_ahorro_apv_millones_clp,prima_rentas_vitalicias_millones_clp,prima_accidentes_personales_millones_clp,siniestros_pagados_millones_clp,costo_siniestros_millones_clp,gastos_administracion_millones_clp,resultado_inversiones_millones_clp,resultado_tecnico_millones_clp,resultado_neto_millones_clp,reservas_tecnicas_millones_clp,activos_millones_clp,pasivos_millones_clp,patrimonio_millones_clp,capital_disponible_millones_clp,capital_requerido_millones_clp,polizas_vigentes,asegurados_vigentes,nuevos_asegurados,cancelaciones,siniestros_reportados,costo_promedio_siniestro_millones_clp,tasa_siniestralidad_pct,ratio_gastos_pct,ratio_solvencia_pct,roe_anualizado_pct,participacion_mercado_pct
2023-T1,2023-03-31,2023,1,C001,VidaGlobal Chile S.A.,Multinacional,Seguros de Vida,"Vida, Salud, Ahorro y Previsión",317066,297794,79307,39679,70123,102673,25284,152139,171864,30261,26779,95669,95441,2871288,3542347,3181731,360616,257813,148772,1273661,1673587,32045,32489,18686,8.14,57.71,10.16,173.29,105.86,16.47
2023-T2,2023-06-30,2023,2,C001,VidaGlobal Chile S.A.,Multinacional,Seguros de Vida,"Vida, Salud, Ahorro y Previsión",368934,351695,90942,47744,81768,117668,30811,206885,220108,42456,23937,89131,88065,2950649,3501289,3144761,356528,320875,187306,1249569,1553234,64491,32492,25526,8.1,62.58,12.07,171.31,98.8,18.24
2023-T3,2023-09-30,2023,3,C001,VidaGlobal Chile S.A.,Multinacional,Seguros de Vida,"Vida, Salud, Ahorro y Previsión",379147,356844,89217,48133,90267,122173,29357,205177,220935,58581,28954,77328,84116,3129444,3793057,3385752,407305,211521,149759,1264931,1511400,53908,23488,22028,9.31,61.91,16.42,141.24,82.61,18.16
2023-T4,2023-12-31,2023,4,C001,VidaGlobal Chile S.A.,Multinacional,Seguros de Vida,"Vida, Salud, Ahorro y Previsión",385473,371819,92056,50457,89022,124793,29144,213843,226303,40509,25886,105008,104685,3266541,3821976,3507920,314055,276476,171590,1266472,1631531,44547,33771,14363,14.89,60.86,10.89,161.13,133.33,17.28
2024-T1,2024-03-31,2024,1,C001,VidaGlobal Chile S.A.,Multinacional,Seguros de Vida,"Vida, Salud, Ahorro y Previsión",335266,330081,76919,46141,77930,106046,28230,176663,190331,46193,43203,93557,108096,3279482,3982766,3528424,454342,408908,186572,1280888,1394164,31954,33211,24294,7.27,57.66,13.99,219.17,95.17,16.96
2024-T2,2024-06-30,2024,2,C001,VidaGlobal Chile S.A.,Multinacional,Seguros de Vida,"Vida, Salud, Ahorro y Previsión",367637,353155,87279,48180,84791,117027,30361,203849,208756,57352,30322,87046,94053,3373546,4042897,3506049,536848,483163,232893,1270832,1506151,52751,15339,26149,7.8,59.11,16.24,207.46,70.08,17.72
2024-T3,2024-09-30,2024,3,C001,VidaGlobal Chile S.A.,Multinacional,Seguros de Vida,"Vida, Salud, Ahorro y Previsión",381207,371895,88688,53827,86320,119111,33261,212877,228598,41140,42461,102157,114692,3526693,4406324,3922151,484174,300958,189770,1305289,1433528,51484,15750,9214,23.1,61.47,11.06,158.59,94.75,17.63
2024-T4,2024-12-31,2024,4,C001,VidaGlobal Chile S.A.,Multinacional,Seguros de Vida,"Vida, Salud, Ahorro y Previsión",414482,402363,103245,56535,97362,125615,31725,186921,213470,59356,43485,129537,140567,3604734,4457580,3956274,501305,419015,179830,1303262,1482291,54351,32729,25250,7.4,53.05,14.75,233.01,112.16,17.75
2025-T1,2025-03-31,2025,1,C001,VidaGlobal Chile S.A.,Multinacional,Seguros de Vida,"Vida, Salud, Ahorro y Previsión",387040,364326,90504,51691,91955,120946,31944,171683,196624,50148,46441,117554,129231,3610200,4490715,3986161,504554,328376,207023,1315768,1433372,39266,39584,23391,7.34,53.97,13.76,158.62,102.45,18.52
2025-T2,2025-06-30,2025,2,C001,VidaGlobal Chile S.A.,Multinacional,Seguros de Vida,"Vida, Salud, Ahorro y Previsión",370972,356314,88548,47321,87669,118236,29198,183537,200592,34990,45227,120732,130816,3611616,4393539,3931668,461871,369598,231584,1306977,1698339,67906,41007,28903,6.35,56.3,9.82,159.6,113.29,16.97
2025-T3,2025-09-30,2025,3,C001,VidaGlobal Chile S.A.,Multinacional,Seguros de Vida,"Vida, Salud, Ahorro y Previsión",403094,384752,100898,50451,96159,122384,33203,201156,213199,54512,53125,117041,135666,3805775,4385301,3954185,431116,388005,198719,1326007,1649849,33001,18851,13303,15.12,55.41,14.17,195.25,125.87,17.34
2025-T4,2025-12-31,2025,4,C001,VidaGlobal Chile S.A.,Multinacional,Seguros de Vida,"Vida, Salud, Ahorro y Previsión",421802,394900,106951,52157,96004,131846,34844,199167,211580,53263,34574,130057,130778,3825403,4756930,4229689,527240,357705,199229,1323018,1517458,44370,18997,14469,13.77,53.58,13.49,179.55,99.22,17.32
2023-T1,2023-03-31,2023,1,C002,Horizonte Vida Chile S.A.,Multinacional,Seguros de Vida,Vida y Ahorro,284412,278981,86486,25471,83268,67397,21791,132126,149344,30043,22751,99593,96983,2133435,2408907,2092827,316080,284472,130817,927725,1082303,19669,12570,10529,12.55,53.53,10.77,217.46,122.73,14.77
2023-T2,2023-06-30,2023,2,C002,Horizonte Vida Chile S.A.,Multinacional,Seguros de Vida,Vida y Ahorro,274470,263893,88951,24926,76401,62309,21884,130175,150707,33186,19970,79999,81541,2262203,2779207,2476245,302962,272665,143759,929329,1065659,37474,21945,9149,14.23,57.11,12.58,189.67,107.66,13.57
2023-T3,2023-09-30,2023,3,C002,Horizonte Vida Chile S.A.,Multinacional,Seguros de Vida,Vida y Ahorro,275764,266851,82413,24731,80256,65984,22380,127017,147419,27123,24446,92309,91346,2260942,2881512,2570036,311476,280329,121561,928536,1209613,22513,16568,8185,15.52,55.24,10.16,230.61,117.31,13.21
2023-T4,2023-12-31,2023,4,C002,Horizonte Vida Chile S.A.,Multinacional,Seguros de Vida,Vida y Ahorro,322730,313361,97796,29252,97545,72127,26010,143412,155772,36976,33262,120612,124038,2438268,2881611,2509497,372113,234464,120875,925655,1075728,45170,14105,13930,10.3,49.71,11.8,193.97,133.33,14.47
2024-T1,2024-03-31,2024,1,C002,Horizonte Vida Chile S.A.,Multinacional,Seguros de Vida,Vida y Ahorro,281436,275865,89613,26624,78117,64937,22145,128654,148442,29591,25182,97832,97239,2447792,2798975,2430104,368871,331984,156219,936700,1206638,49713,33057,9470,13.59,53.81,10.73,212.51,105.44,14.23
2024-T2,2024-06-30,2024,2,C002,Horizonte Vida Chile S.A.,Multinacional,Seguros de Vida,Vida y Ahorro,282980,265562,85682,24128,82880,68093,22197,119569,133353,42272,23102,89937,90443,2418477,2776927,2440031,336896,303207,156013,953214,1200538,30576,14552,21125,5.66,50.22,15.92,194.35,107.38,13.64
2024-T3,2024-09-30,2024,3,C002,Horizonte Vida Chile S.A.,Multinacional,Seguros de Vida,Vida y Ahorro,302027,284065,93258,25902,85296,71891,25680,129276,144872,28541,21170,110651,105941,2514308,3085458,2742932,342525,281080,175534,945977,1138887,25917,31246,9348,13.83,51.0,10.05,160.13,123.72,13.97
2024-T4,2024-12-31,2024,4,C002,Horizonte Vida Chile S.A.,Multinacional,Seguros de Vida,Vida y Ahorro,312066,304804,92519,26619,94088,72809,26031,149341,162912,38906,20900,102985,99744,2672707,3188086,2835004,353081,292753,145009,953118,1223091,32560,18489,9654,15.47,53.45,12.76,201.89,113.0,13.36
2025-T1,2025-03-31,2025,1,C002,Horizonte Vida Chile S.A.,Multinacional,Seguros de Vida,Vida y Ahorro,278032,270491,88223,24373,81177,61313,22947,136160,155044,32117,22197,83330,86175,2724814,3321580,3006560,315020,181409,126303,960902,1178712,24399,11946,14698,9.26,57.32,11.87,143.63,109.42,13.3
2025-T2,2025-06-30,2025,2,C002,Horizonte Vida Chile S.A.,Multinacional,Seguros de Vida,Vida y Ahorro,326448,313469,102812,27368,96251,73533,26483,148216,166357,30394,37450,116717,121564,2799440,3536222,3171529,364693,278191,161454,966156,1176266,29553,32323,11039,13.43,53.07,9.7,172.3,133.33,14.94
2025-T3,2025-09-30,2025,3,C002,Horizonte Vida Chile S.A.,Multinacional,Seguros de Vida,Vida y Ahorro,335335,322892,100829,30297,99093,77550,27564,178484,187126,36304,29512,99462,101805,2726198,3122771,2754559,368212,331390,176676,948883,1164359,40712,23773,9182,19.44,57.95,11.24,187.57,110.59,14.42
2025-T4,2025-12-31,2025,4,C002,Horizonte Vida Chile S.A.,Multinacional,Seguros de Vida,Vida y Ahorro,345853,327857,109060,32742,98513,78405,27134,156244,174473,40768,29508,112616,112564,2841844,3379789,3042098,337691,269600,136403,960481,1089584,39130,15328,14748,10.59,53.22,12.43,197.65,133.33,14.2
2023-T1,2023-03-31,2023,1,C003,NovaProtección Vida S.A.,Multinacional,Seguros de Vida,"Vida, Salud y Colectivos",223844,219514,86426,45898,27328,42331,21861,128942,134980,22129,12344,62405,58241,1400657,1588031,1413308,174723,136945,94237,1037133,1341421,31365,17563,9056,14.24,61.49,10.08,145.32,133.33,11.62
2023-T2,2023-06-30,2023,2,C003,NovaProtección Vida S.A.,Multinacional,Seguros de Vida,"Vida, Salud y Colectivos",230819,217273,87586,48857,27307,42214,24855,120570,131251,22180,13447,63841,61217,1427513,1814021,1612317,201704,98244,68927,1069953,1318239,43839,35424,11708,10.3,60.41,10.21,142.53,121.4,11.41
2023-T3,2023-09-30,2023,3,C003,NovaProtección Vida S.A.,Multinacional,Seguros de Vida,"Vida, Salud y Colectivos",231600,220712,84792,52408,27667,43497,23235,127165,130039,29632,16374,61041,63381,1420230,1757964,1567821,190143,100706,67087,1063401,1316621,42088,35188,22583,5.63,58.92,13.43,150.11,133.33,11.09
2023-T4,2023-12-31,2023,4,C003,NovaProtección Vida S.A.,Multinacional,Seguros de Vida,"Vida, Salud y Colectivos",249740,238944,92012,54781,30976,47437,24533,141166,152590,31041,15312,55313,56111,1443864,1748145,1579813,168332,119734,72869,1071096,1346533,39923,18552,20452,6.9,63.86,12.99,164.31,133.33,11.19
2024-T1,2024-03-31,2024,1,C003,NovaProtección Vida S.A.,Multinacional,Seguros de Vida,"Vida, Salud y Colectivos",236681,224873,89338,50803,27898,46237,22405,125993,132452,27537,16563,64884,66015,1545517,1719610,1521566,198044,113518,79803,1055229,1389343,38912,21050,24636,5.11,58.9,12.25,142.25,133.33,11.97
2024-T2,2024-06-30,2024,2,C003,NovaProtección Vida S.A.,Multinacional,Seguros de Vida,"Vida, Salud y Colectivos",233820,219164,87322,52139,26874,43452,24033,126118,131289,31374,20306,56501,60991,1570169,1904856,1688278,216578,194920,89572,1069779,1268977,24655,30811,14099,8.95,59.9,14.32,217.61,112.65,11.27
2024-T3,2024-09-30,2024,3,C003,NovaProtección Vida S.A.,Multinacional,Seguros de Vida,"Vida, Salud y Colectivos",256070,246340,91133,56911,29891,50813,27323,126338,146665,28870,13996,70805,68626,1613027,1877064,1671186,205878,106341,72705,1087448,1200613,34723,17858,10458,12.08,59.54,11.72,146.26,133.33,11.84
2024-T4,2024-12-31,2024,4,C003,NovaProtección Vida S.A.,Multinacional,Seguros de Vida,"Vida, Salud y Colectivos",279503,267780,105801,61920,33784,49082,28916,160083,166360,35624,16852,65796,65790,1628770,1852111,1654742,197369,162341,84121,1056335,1371619,31856,29689,9983,16.04,62.13,13.3,192.99,133.33,11.97
2025-T1,2025-03-31,2025,1,C003,NovaProtección Vida S.A.,Multinacional,Seguros de Vida,"Vida, Salud y Colectivos",232901,229199,89805,49022,27075,42623,24377,143425,155441,34674,16648,39084,43860,1669528,1876990,1704796,172195,162676,83121,1074594,1350561,44992,23885,22383,6.41,67.82,15.13,195.71,101.88,11.14
2025-T2,2025-06-30,2025,2,C003,NovaProtección Vida S.A.,Multinacional,Seguros de Vida,"Vida, Salud y Colectivos",250646,237105,91639,56638,31151,46064,25155,134176,152170,37175,15026,47760,49492,1734589,2207303,1971154,236148,197271,107172,1086739,1373770,49574,35148,16600,8.08,64.18,15.68,184.07,83.83,11.47
2025-T3,2025-09-30,2025,3,C003,NovaProtección Vida S.A.,Multinacional,Seguros de Vida,"Vida, Salud y Colectivos",269704,265073,95775,60643,33549,51443,28294,151921,174830,40157,21772,50085,56475,1737869,2177169,1980436,196733,150146,98027,1096199,1186881,47450,11933,15786,9.62,65.96,15.15,153.17,114.83,11.6
2025-T4,2025-12-31,2025,4,C003,NovaProtección Vida S.A.,Multinacional,Seguros de Vida,"Vida, Salud y Colectivos",299371,288032,110335,68772,34221,57962,28081,156089,179068,38112,22359,70851,72676,1792287,2111625,1830992,280633,252570,118541,1093218,1195303,43173,20458,14729,10.6,62.17,13.23,213.07,103.59,12.29
2023-T1,2023-03-31,2023,1,C004,Atlas Seguros de Vida S.A.,Local,Seguros de Vida,Vida y Previsión,190431,183032,41938,12746,31967,91478,12302,84174,94922,29362,14600,58748,58152,1871028,2084220,1909765,174455,127735,88276,653043,746986,20036,13130,7990,10.53,51.86,16.04,144.7,133.33,9.89
2023-T2,2023-06-30,2023,2,C004,Atlas Seguros de Vida S.A.,Local,Seguros de Vida,Vida y Previsión,196961,192567,45152,13817,33561,90321,14109,89618,98415,25205,15494,68946,66343,1941344,2457122,2206431,250691,216674,135885,654515,707120,24708,10975,8727,10.27,51.11,13.09,159.45,105.86,9.74
2023-T3,2023-09-30,2023,3,C004,Atlas Seguros de Vida S.A.,Local,Seguros de Vida,Vida y Previsión,218704,213755,47131,15614,38196,102824,14939,105229,121476,21982,22018,70298,72908,1971202,2447847,2191908,255938,230344,108122,659719,860276,33153,8923,13740,7.66,56.83,10.28,213.04,113.95,10.47
2023-T4,2023-12-31,2023,4,C004,Atlas Seguros de Vida S.A.,Local,Seguros de Vida,Vida y Previsión,238598,234535,52979,15842,39825,114368,15584,116598,124797,30444,21318,79293,81545,1991897,2348683,2104047,244635,223025,136295,664857,862554,18008,23164,8552,13.63,53.21,12.98,163.63,133.33,10.69
2024-T1,2024-03-31,2024,1,C004,Atlas Seguros de Vida S.A.,Local,Seguros de Vida,Vida y Previsión,194484,190467,44887,13491,34730,88023,13352,94414,98699,18469,25395,73299,80167,2139161,2568366,2224724,343641,309277,148585,656550,727073,29867,18679,12985,7.27,51.82,9.7,208.15,93.31,9.84
2024-T2,2024-06-30,2024,2,C004,Atlas Seguros de Vida S.A.,Local,Seguros de Vida,Vida y Previsión,222166,208352,48352,15314,37012,105627,15860,99760,102676,26845,17550,78831,75585,2158729,2712693,2357838,354855,319370,143946,663337,805008,32524,13836,8707,11.46,49.28,12.88,221.87,85.2,10.71
2024-T3,2024-09-30,2024,3,C004,Atlas Seguros de Vida S.A.,Local,Seguros de Vida,Vida y Previsión,227393,220282,47879,16856,41194,104692,16772,118332,124116,25990,21638,70175,71798,2161769,2429867,2196894,232973,209676,113899,650304,814430,24392,14255,14008,8.45,56.34,11.8,184.09,123.27,10.52
2024-T4,2024-12-31,2024,4,C004,Atlas Seguros de Vida S.A.,Local,Seguros de Vida,Vida y Previsión,231210,227442,51231,16122,38691,108475,16691,115178,118196,36143,22976,73103,75531,2255690,2811052,2471912,339140,305226,131222,665706,838400,22134,11165,11985,9.61,51.97,15.89,232.6,89.09,9.9
2025-T1,2025-03-31,2025,1,C004,Atlas Seguros de Vida S.A.,Local,Seguros de Vida,Vida y Previsión,211134,202849,44192,14603,33677,103493,15169,97984,104350,24460,28462,74038,81570,2329709,2901594,2603550,298044,178683,122947,669467,820578,32784,16971,10773,9.1,51.44,12.06,145.33,109.47,10.1
2025-T2,2025-06-30,2025,2,C004,Atlas Seguros de Vida S.A.,Local,Seguros de Vida,Vida y Previsión,218134,210043,47229,14681,36638,103794,15792,102374,108339,32362,24692,69342,73878,2324090,2799415,2482715,316701,294851,152201,664904,815277,17450,13490,13593,7.53,51.58,15.41,193.73,93.31,9.98
2025-T3,2025-09-30,2025,3,C004,Atlas Seguros de Vida S.A.,Local,Seguros de Vida,Vida y Previsión,242039,228521,51714,16871,40738,115707,17009,114177,127638,25888,28844,74995,82251,2434437,2820263,2539610,280653,252588,128962,663149,727518,16380,7957,8186,13.95,55.85,11.33,195.86,117.23,10.41
2025-T4,2025-12-31,2025,4,C004,Atlas Seguros de Vida S.A.,Local,Seguros de Vida,Vida y Previsión,237191,225169,53566,16575,41065,109620,16365,98763,110321,29153,30087,85695,91109,2411261,3067318,2777781,289537,250358,125264,677826,743093,29860,13671,5569,17.73,48.99,12.95,199.86,125.87,9.74
2023-T1,2023-03-31,2023,1,C005,Cordillera Vida y Ahorro S.A.,Local,Seguros de Vida,Ahorro y APV,164640,153999,30077,9567,76192,38867,9937,78704,80504,17534,21164,55961,61833,1751615,2053740,1826159,227581,204822,102090,477957,594522,17719,9938,10120,7.78,52.28,11.39,200.63,108.68,8.55
2023-T2,2023-06-30,2023,2,C005,Cordillera Vida y Ahorro S.A.,Local,Seguros de Vida,Ahorro y APV,180391,173267,34224,11379,77132,47194,10462,73669,77926,25919,23360,69423,74170,1804813,2092702,1857128,235574,146793,95935,485724,566739,14598,9233,5484,13.43,44.97,14.96,153.01,125.94,8.92
2023-T3,2023-09-30,2023,3,C005,Cordillera Vida y Ahorro S.A.,Local,Seguros de Vida,Ahorro y APV,183375,174783,34750,11175,79868,46717,10865,71929,82960,18528,20393,73295,75345,1873909,2189118,1963082,226036,200610,96678,488879,627455,12642,15224,10917,6.59,47.46,10.6,207.5,133.33,8.78
2023-T4,2023-12-31,2023,4,C005,Cordillera Vida y Ahorro S.A.,Local,Seguros de Vida,Ahorro y APV,201208,190823,37844,12559,90260,48185,12360,100047,103359,30387,18348,57077,61045,1877734,2228512,2002292,226220,131594,97226,480764,616413,22277,9545,4781,20.93,54.16,15.92,135.35,107.94,9.02
2024-T1,2024-03-31,2024,1,C005,Cordillera Vida y Ahorro S.A.,Local,Seguros de Vida,Ahorro y APV,169346,162649,31735,10266,76460,40835,10050,66332,76636,24235,20628,61779,66525,1970733,2230797,1976728,254069,140059,88701,481325,552239,22942,11367,7934,8.36,47.12,14.9,157.9,104.74,8.56
2024-T2,2024-06-30,2024,2,C005,Cordillera Vida y Ahorro S.A.,Local,Seguros de Vida,Ahorro y APV,181290,170016,34135,11163,80080,44364,11550,74922,78393,20620,16548,71003,70955,2044596,2597827,2365175,232652,167371,100098,484013,574451,12378,6369,8280,9.05,46.11,12.13,167.21,121.99,8.74
2024-T3,2024-09-30,2024,3,C005,Cordillera Vida y Ahorro S.A.,Local,Seguros de Vida,Ahorro y APV,190200,180135,35443,10798,84929,47256,11773,80876,87742,27270,27204,65122,72649,2083823,2442864,2086116,356748,321073,139190,498414,603333,20117,9498,5763,14.03,48.71,15.14,230.67,81.46,8.8
2024-T4,2024-12-31,2024,4,C005,Cordillera Vida y Ahorro S.A.,Local,Seguros de Vida,Ahorro y APV,216935,205464,38367,12205,99467,53436,13459,83367,93836,22045,28859,89584,93752,2147003,2567692,2283190,284501,179441,123761,493265,646512,18121,10748,5680,14.68,45.67,10.73,144.99,131.81,9.29
2025-T1,2025-03-31,2025,1,C005,Cordillera Vida y Ahorro S.A.,Local,Seguros de Vida,Ahorro y APV,190752,178917,35476,11766,83849,48742,10919,80768,88135,17312,26097,73470,78701,2179114,2543354,2268612,274742,175522,121234,494267,558334,21452,8058,4690,17.22,49.26,9.68,144.78,114.58,9.13
2025-T2,2025-06-30,2025,2,C005,Cordillera Vida y Ahorro S.A.,Local,Seguros de Vida,Ahorro y APV,185391,178469,34321,11468,80850,48057,10695,71739,79926,27159,16614,71384,70714,2196592,2762382,2447620,314762,147579,102439,499869,613826,13765,14905,9512,7.54,44.78,15.22,144.06,89.86,8.48
2025-T3,2025-09-30,2025,3,C005,Cordillera Vida y Ahorro S.A.,Local,Seguros de Vida,Ahorro y APV,205620,194804,37738,12641,91186,51452,12602,97945,101342,30579,15660,62883,62526,2174444,2729132,2519232,209900,157627,99637,505760,597438,11865,6450,7566,12.95,52.02,15.7,158.2,119.15,8.84
2025-T4,2025-12-31,2025,4,C005,Cordillera Vida y Ahorro S.A.,Local,Seguros de Vida,Ahorro y APV,209693,205449,38180,11892,94730,52407,12484,89860,92015,29270,19314,84164,81743,2352340,2783761,2508767,274994,222756,163794,495964,609528,23744,13806,4761,18.87,44.79,14.25,136.0,118.9,8.61
2023-T1,2023-03-31,2023,1,C006,Pacífico Futuro Vida S.A.,Multinacional,Seguros de Vida,Previsión y Rentas Vitalicias,158704,153596,19788,7949,24974,98318,7675,73436,79513,23139,23002,50944,59529,2002349,2388863,2147383,241479,217331,102147,359306,416164,17386,8049,5843,12.57,51.77,15.06,212.76,98.61,8.24
2023-T2,2023-06-30,2023,2,C006,Pacífico Futuro Vida S.A.,Multinacional,Seguros de Vida,Previsión y Rentas Vitalicias,156440,148116,18189,7590,24589,97771,8301,59482,63338,24195,20629,60583,63808,2019020,2399596,2138175,261421,235279,121758,355916,405621,10721,8132,5140,11.57,42.76,16.33,193.23,97.63,7.73
2023-T3,2023-09-30,2023,3,C006,Pacífico Futuro Vida S.A.,Multinacional,Seguros de Vida,Previsión y Rentas Vitalicias,165774,159244,20530,8858,24836,102894,8656,72048,79277,21715,28334,58252,68803,2083612,2587196,2351261,235935,222137,129090,363925,453955,13117,7694,5720,12.6,49.78,13.64,172.08,116.65,7.94
2023-T4,2023-12-31,2023,4,C006,Pacífico Futuro Vida S.A.,Multinacional,Seguros de Vida,Previsión y Rentas Vitalicias,178845,168052,21580,9471,25509,113439,8847,70990,74937,16815,24569,76300,81183,2216322,2464740,2185654,279086,251177,115118,365667,437667,9680,9210,5580,12.72,44.59,10.01,218.19,116.36,8.02
2024-T1,2024-03-31,2024,1,C006,Pacífico Futuro Vida S.A.,Multinacional,Seguros de Vida,Previsión y Rentas Vitalicias,155769,146037,18092,8205,24802,97297,7375,55719,62215,23114,30095,60708,73016,2194341,2548701,2291716,256985,231287,132451,362553,450624,18513,6775,6435,8.66,42.6,15.83,174.62,113.65,7.88
2024-T2,2024-06-30,2024,2,C006,Pacífico Futuro Vida S.A.,Multinacional,Seguros de Vida,Previsión y Rentas Vitalicias,163630,158970,19323,8749,26018,101272,8268,69943,75329,21930,30300,61711,73284,2245068,2569266,2297952,271313,244182,137839,366394,475456,11485,12826,6367,10.99,47.39,13.8,177.15,108.04,7.89
2024-T3,2024-09-30,2024,3,C006,Pacífico Futuro Vida S.A.,Multinacional,Seguros de Vida,Previsión y Rentas Vitalicias,163728,159499,20269,8319,23012,104240,7888,66379,72976,24094,24700,62430,69221,2323256,2837265,2566944,270321,170829,113329,369293,434536,10414,7544,3122,21.26,45.75,15.11,150.74,102.43,7.57
2024-T4,2024-12-31,2024,4,C006,Pacífico Futuro Vida S.A.,Multinacional,Seguros de Vida,Previsión y Rentas Vitalicias,193492,181765,23036,9835,28493,122097,10030,92845,94830,17755,26338,69180,75445,2336302,2885455,2621999,263457,210712,145524,364765,430787,17805,8805,3210,28.92,52.17,9.77,144.8,114.55,8.28
2025-T1,2025-03-31,2025,1,C006,Pacífico Futuro Vida S.A.,Multinacional,Seguros de Vida,Previsión y Rentas Vitalicias,155601,147660,18835,7924,22580,98201,8061,62145,66660,21288,26568,59712,67815,2515027,2801033,2514779,286254,228703,165878,368115,484160,13115,7171,6875,9.04,45.14,14.42,137.87,94.76,7.45
2025-T2,2025-06-30,2025,2,C006,Pacífico Futuro Vida S.A.,Multinacional,Seguros de Vida,Previsión y Rentas Vitalicias,165305,161442,19580,7986,23950,105719,8070,66759,68236,17461,31852,75744,85826,2455023,3022932,2696997,325935,252126,171040,372391,471243,17881,7958,8479,7.87,42.27,10.82,147.41,105.33,7.56
2025-T3,2025-09-30,2025,3,C006,Pacífico Futuro Vida S.A.,Multinacional,Seguros de Vida,Previsión y Rentas Vitalicias,188325,183190,22274,8902,28487,119225,9437,77925,84532,27155,20556,71504,72302,2631180,3208243,2876371,331872,298685,170820,374062,473967,19697,6749,5247,14.85,46.14,14.82,174.85,87.14,8.1
2025-T4,2025-12-31,2025,4,C006,Pacífico Futuro Vida S.A.,Multinacional,Seguros de Vida,Previsión y Rentas Vitalicias,192956,186994,23101,9859,29357,121023,9618,91598,94563,23032,32596,69399,80844,2671645,2972848,2643481,329367,224266,130011,375095,432864,11166,7357,2908,31.5,50.57,12.32,172.5,98.18,7.92
2023-T1,2023-03-31,2023,1,C007,Prisma Previsión Seguros S.A.,Local,Seguros de Vida,Previsión y Ahorro,134214,128304,19044,6860,32599,69198,6513,54802,57345,15164,15879,55795,56617,1642692,2037380,1819919,217461,199590,87800,318391,359177,14489,9622,2615,20.96,44.69,11.82,227.32,104.14,6.97
2023-T2,2023-06-30,2023,2,C007,Prisma Previsión Seguros S.A.,Local,Seguros de Vida,Previsión y Ahorro,142331,133850,18862,6835,32325,77128,7180,52786,61109,15629,19404,57112,60519,1721374,1972032,1711755,260276,234249,110403,314991,387355,11266,8992,3078,17.15,45.65,11.68,212.18,93.01,7.04
2023-T3,2023-09-30,2023,3,C007,Prisma Previsión Seguros S.A.,Local,Seguros de Vida,Previsión y Ahorro,148705,140514,22561,7755,34592,76240,7557,61078,64439,17170,20902,58905,62908,1760344,2136223,1897650,238573,168360,116553,318726,349442,8375,7956,4079,14.97,45.86,12.22,144.45,105.47,7.12
2023-T4,2023-12-31,2023,4,C007,Prisma Previsión Seguros S.A.,Local,Seguros de Vida,Previsión y Ahorro,152776,143426,22009,7919,37146,77916,7786,70250,75067,22470,17776,45889,51059,1765433,2019274,1776776,242498,218248,115058,319867,415914,8600,6698,4939,14.22,52.34,15.67,189.68,84.22,6.85
2024-T1,2024-03-31,2024,1,C007,Prisma Previsión Seguros S.A.,Local,Seguros de Vida,Previsión y Ahorro,131664,125171,19570,6901,31871,66493,6829,53100,59433,15529,18567,50209,55357,1848756,2149282,1888091,261191,235072,127263,319744,346711,13076,4531,2698,19.68,47.48,12.41,184.71,84.78,6.66
2024-T2,2024-06-30,2024,2,C007,Prisma Previsión Seguros S.A.,Local,Seguros de Vida,Previsión y Ahorro,140706,132685,20190,6802,34586,71551,7577,63990,69072,15139,25371,48475,59677,1931007,2413350,2094830,318520,286668,127576,324307,389743,9544,5872,6878,9.3,52.06,11.41,224.7,74.94,6.78
2024-T3,2024-09-30,2024,3,C007,Prisma Previsión Seguros S.A.,Local,Seguros de Vida,Previsión y Ahorro,151200,146183,21287,7086,34763,80644,7420,62837,65584,14447,25606,66152,72777,1881559,2400798,2154524,246274,221736,124509,321404,392879,12773,10794,6944,9.05,44.86,9.88,178.09,118.2,6.99
2024-T4,2024-12-31,2024,4,C007,Prisma Previsión Seguros S.A.,Local,Seguros de Vida,Previsión y Ahorro,158552,155725,21290,7299,38939,83345,7680,72522,84092,22375,25568,49257,58614,2009936,2275775,2044137,231638,208474,100631,326509,361160,10144,6642,4125,17.58,54.0,14.37,207.17,101.22,6.79
2025-T1,2025-03-31,2025,1,C007,Prisma Previsión Seguros S.A.,Local,Seguros de Vida,Previsión y Ahorro,150337,146060,21102,7533,35253,78733,7716,70277,73854,14815,14872,57390,57647,1992371,2534027,2218285,315742,284167,121976,323520,424116,17312,5983,5935,11.84,50.56,10.14,232.97,73.03,7.19
2025-T2,2025-06-30,2025,2,C007,Prisma Previsión Seguros S.A.,Local,Seguros de Vida,Previsión y Ahorro,158235,149322,20298,7925,38102,83899,8011,71112,76383,16966,14820,55973,57644,2090151,2613792,2271118,342674,308407,136842,322527,357601,9731,6179,4853,14.65,51.15,11.36,225.37,67.29,7.24
2025-T3,2025-09-30,2025,3,C007,Prisma Previsión Seguros S.A.,Local,Seguros de Vida,Previsión y Ahorro,165305,162798,24178,8293,40573,83521,8739,85350,89735,17957,27976,55107,67349,2150996,2563164,2248753,314411,282970,144851,320872,419960,10125,5626,3699,23.07,55.12,11.03,195.35,85.68,7.11
2025-T4,2025-12-31,2025,4,C007,Prisma Previsión Seguros S.A.,Local,Seguros de Vida,Previsión y Ahorro,168637,159989,23878,8920,40278,87199,8362,66529,77190,23433,30433,59366,70970,2175339,2702831,2404217,298614,268753,152066,318667,348439,10981,8530,3125,21.29,48.25,14.65,176.73,95.07,6.92
2023-T1,2023-03-31,2023,1,C008,Austral Protección Vida S.A.,Local,Seguros de Vida,Vida y Accidentes Personales,122163,118864,59638,13472,10411,19930,18713,70041,77497,13966,7544,27402,27232,584947,696299,614602,81697,68970,39168,586966,679982,25930,15165,5631,12.44,65.2,11.75,176.09,133.33,6.34
2023-T2,2023-06-30,2023,2,C008,Austral Protección Vida S.A.,Local,Seguros de Vida,Vida y Accidentes Personales,127218,120945,60845,14407,11240,21500,19227,74876,84955,13327,4628,22663,21280,585231,670260,595390,74871,67383,39540,585908,751912,17211,20408,9544,7.85,70.24,11.02,170.42,113.69,6.29
2023-T3,2023-09-30,2023,3,C008,Austral Protección Vida S.A.,Local,Seguros de Vida,Vida y Accidentes Personales,124057,120466,59099,13195,11527,21558,18678,75280,81520,17302,6971,21643,22191,634693,768466,690179,78287,50131,31767,602143,731267,16723,11457,8807,8.55,67.67,14.36,157.81,113.38,5.94
2023-T4,2023-12-31,2023,4,C008,Austral Protección Vida S.A.,Local,Seguros de Vida,Vida y Accidentes Personales,132458,130370,62435,14865,11652,22576,20930,74769,80644,18454,8157,31272,31148,619076,770989,677545,93444,59242,37574,594907,708322,25786,19086,8877,8.42,61.86,14.16,157.67,133.33,5.94
2024-T1,2024-03-31,2024,1,C008,Austral Protección Vida S.A.,Local,Seguros de Vida,Vida y Accidentes Personales,123778,116348,58193,14481,11397,21716,17991,69106,79687,18319,5510,18343,19792,640492,762747,680742,82005,70474,30729,600467,657430,19059,15001,11650,5.93,68.49,15.74,229.34,96.54,6.26
2024-T2,2024-06-30,2024,2,C008,Austral Protección Vida S.A.,Local,Seguros de Vida,Vida y Accidentes Personales,126699,119609,60663,14324,11996,21127,18588,74247,78072,17049,5112,24488,22697,665241,829355,738123,91232,82109,43818,594768,778863,26810,18716,13010,5.71,65.27,14.25,187.39,99.51,6.11
2024-T3,2024-09-30,2024,3,C008,Austral Protección Vida S.A.,Local,Seguros de Vida,Vida y Accidentes Personales,123645,121500,60342,12738,11666,20166,18732,69242,77749,13446,6079,30305,29661,685465,826019,731416,94603,65035,45741,591043,732563,30592,8199,11121,6.23,63.99,11.07,142.18,125.41,5.72
2024-T4,2024-12-31,2024,4,C008,Austral Protección Vida S.A.,Local,Seguros de Vida,Vida y Accidentes Personales,138923,130966,68302,15560,11727,22508,20826,73755,85494,15906,6590,29566,29012,694298,868708,781671,87037,82031,40543,606293,778905,31680,13010,11439,6.45,65.28,12.15,202.33,133.33,5.95
2025-T1,2025-03-31,2025,1,C008,Austral Protección Vida S.A.,Local,Seguros de Vida,Vida y Accidentes Personales,127310,123315,61579,14010,10441,22022,19258,75436,79910,12147,5512,31257,29627,713150,797175,708293,88882,45660,32960,609362,775719,25162,16387,6797,11.1,64.8,9.85,138.53,133.33,6.09
2025-T2,2025-06-30,2025,2,C008,Austral Protección Vida S.A.,Local,Seguros de Vida,Vida y Accidentes Personales,129628,121789,61327,14810,11661,22184,19646,78720,86515,14091,9668,21184,25154,737694,843829,752875,90954,82356,41084,606679,731878,29148,13692,9572,8.22,71.04,11.57,200.46,110.62,5.93
2025-T3,2025-09-30,2025,3,C008,Austral Protección Vida S.A.,Local,Seguros de Vida,Vida y Accidentes Personales,143593,140128,69551,16438,13385,23245,20973,84087,90003,18100,6486,32025,31635,735341,876317,781411,94906,51573,33827,612083,782364,21787,9780,10584,7.94,64.23,12.92,152.46,133.33,6.18
2025-T4,2025-12-31,2025,4,C008,Austral Protección Vida S.A.,Local,Seguros de Vida,Vida y Accidentes Personales,147239,142612,68377,16089,13971,26881,21921,92064,96421,14392,6795,31799,31139,788514,898728,774250,124479,112031,54911,611420,732101,25950,11553,11812,7.79,67.61,10.09,204.02,100.06,6.04
2023-T1,2023-03-31,2023,1,C009,Vitalia Seguros de Vida S.A.,Multinacional,Seguros de Vida,Vida y Salud,107018,100963,43095,33669,7876,13002,9376,67433,69446,11049,6261,20467,21013,472460,557220,494182,63038,55426,24084,721782,885779,24096,23425,8368,8.06,68.78,10.94,230.13,133.33,5.56
2023-T2,2023-06-30,2023,2,C009,Vitalia Seguros de Vida S.A.,Multinacional,Seguros de Vida,Vida y Salud,112601,106949,45055,33767,8961,14568,10249,69159,75196,12466,5268,19287,19715,489196,613755,548727,65028,45194,31959,703463,919113,31491,15790,7663,9.03,70.31,11.66,141.41,121.27,5.57
2023-T3,2023-09-30,2023,3,C009,Vitalia Seguros de Vida S.A.,Multinacional,Seguros de Vida,Vida y Salud,111141,105077,45600,33376,9261,13477,9428,62135,69352,12349,6719,23376,23202,526591,662386,589114,73272,52922,26755,719805,880021,36434,15595,12148,5.11,66.0,11.75,197.8,126.66,5.32
2023-T4,2023-12-31,2023,4,C009,Vitalia Seguros de Vida S.A.,Multinacional,Seguros de Vida,Vida y Salud,113878,109012,46713,34509,9205,13762,9689,68259,77651,17381,7462,13980,17164,537050,606024,551497,54527,46369,33195,715811,786444,26855,10464,11336,6.02,71.23,15.94,139.69,125.91,5.1
2024-T1,2024-03-31,2024,1,C009,Vitalia Seguros de Vida S.A.,Multinacional,Seguros de Vida,Vida y Salud,105882,102245,43094,33120,8231,12270,9167,69961,76078,15323,7104,10843,14093,528497,669205,607981,61224,47420,27224,723145,796049,31384,8335,6050,11.56,74.41,14.99,174.19,92.07,5.35
2024-T2,2024-06-30,2024,2,C009,Vitalia Seguros de Vida S.A.,Multinacional,Seguros de Vida,Vida y Salud,108865,102481,43264,33840,8717,13010,10035,63514,69890,12169,4415,20422,19063,545375,638418,581230,57188,48515,29997,730640,891698,34866,10176,12488,5.09,68.2,11.87,161.74,133.33,5.25
2024-T3,2024-09-30,2024,3,C009,Vitalia Seguros de Vida S.A.,Multinacional,Seguros de Vida,Vida y Salud,114296,109877,46611,33922,9470,13548,10744,69274,71467,12106,7198,26304,26717,578038,715780,635630,80150,71111,31881,731460,863052,33228,15129,9515,7.28,65.04,11.02,223.05,133.33,5.29
2024-T4,2024-12-31,2024,4,C009,Vitalia Seguros de Vida S.A.,Multinacional,Seguros de Vida,Vida y Salud,123535,116530,49227,37907,9870,15211,11321,80194,85377,11909,7996,19243,21618,594730,722821,642591,80229,74533,38518,719654,937880,32161,10412,13833,5.8,73.27,10.22,193.5,107.78,5.29
2025-T1,2025-03-31,2025,1,C009,Vitalia Seguros de Vida S.A.,Multinacional,Seguros de Vida,Vida y Salud,107580,103259,41635,34667,8316,12750,10211,67039,74837,12301,6190,16121,18050,580155,677029,605294,71736,64562,37854,725886,888851,21636,23174,5670,11.82,72.48,11.91,170.55,100.65,5.15
2025-T2,2025-06-30,2025,2,C009,Vitalia Seguros de Vida S.A.,Multinacional,Seguros de Vida,Vida y Salud,124688,118999,52164,37800,9634,14196,10893,74562,77637,16220,6788,25142,24995,620181,742665,662114,80551,68688,34135,717825,781680,22077,10124,6823,10.93,65.24,13.63,201.22,124.12,5.7
2025-T3,2025-09-30,2025,3,C009,Vitalia Seguros de Vida S.A.,Multinacional,Seguros de Vida,Vida y Salud,117329,110558,46765,36300,9407,13959,10898,77171,81096,15825,7332,13637,17284,604064,675608,591665,83943,75549,40843,735878,840102,32949,17535,9399,8.21,73.35,14.31,184.97,82.36,5.05
2025-T4,2025-12-31,2025,4,C009,Vitalia Seguros de Vida S.A.,Multinacional,Seguros de Vida,Vida y Salud,128884,126031,51230,40219,9792,16127,11516,81811,88630,12385,8804,25017,27732,652657,819764,727632,92131,82918,45470,738333,919827,18143,19882,16544,4.95,70.32,9.83,182.36,120.4,5.29
2023-T1,2023-03-31,2023,1,C010,CapitalSur Vida S.A.,Local,Seguros de Vida,Vida Individual y Colectiva,88604,85831,46401,11254,7296,14926,8727,50669,53171,12853,5564,19807,19873,464399,591838,532221,59618,47382,30821,417244,466013,14423,11740,7277,6.96,61.95,14.97,153.73,133.33,4.6
2023-T2,2023-06-30,2023,2,C010,CapitalSur Vida S.A.,Local,Seguros de Vida,Vida Individual y Colectiva,93486,88906,49252,11303,7689,15576,9667,56482,61325,12372,6016,15209,16711,492081,601544,545921,55622,41988,23250,427648,477831,15125,7017,6750,8.37,68.98,13.92,180.59,120.17,4.62
2023-T3,2023-09-30,2023,3,C010,CapitalSur Vida S.A.,Local,Seguros de Vida,Vida Individual y Colectiva,95203,93624,52127,10699,7588,15133,9655,51903,56506,11226,5429,25893,25359,513548,573223,497145,76077,40853,24588,429778,498295,13583,5327,8383,6.19,60.35,11.99,166.15,133.33,4.56
2023-T4,2023-12-31,2023,4,C010,CapitalSur Vida S.A.,Local,Seguros de Vida,Vida Individual y Colectiva,102356,99140,56288,11955,8072,15863,10179,59830,63706,14692,4873,20743,20865,520026,633244,563557,69688,62719,35238,416190,504333,13578,7787,8544,7.0,64.26,14.82,177.99,119.76,4.59
2024-T1,2024-03-31,2024,1,C010,CapitalSur Vida S.A.,Local,Seguros de Vida,Vida Individual y Colectiva,95415,90392,50233,11401,7888,16081,9812,58760,62393,12076,4154,15923,16055,546897,618440,536153,82287,74058,35659,417016,493114,16909,5584,3074,19.12,69.02,13.36,207.69,78.04,4.83
2024-T2,2024-06-30,2024,2,C010,CapitalSur Vida S.A.,Local,Seguros de Vida,Vida Individual y Colectiva,93501,87960,49865,11511,7587,14816,9721,47620,53332,8980,7239,25648,25968,546936,610015,532110,77905,52982,30699,427316,533262,10593,11263,9127,5.22,60.63,10.21,172.59,133.33,4.51
2024-T3,2024-09-30,2024,3,C010,CapitalSur Vida S.A.,Local,Seguros de Vida,Vida Individual y Colectiva,98664,94287,53922,12232,7785,15230,9495,48082,55608,14555,6645,24123,24014,549303,638531,566488,72043,58266,27358,425815,533806,12586,13424,8689,5.53,58.98,15.44,212.97,133.33,4.56
2024-T4,2024-12-31,2024,4,C010,CapitalSur Vida S.A.,Local,Seguros de Vida,Vida Individual y Colectiva,103153,96627,54576,12095,8613,16666,11203,60090,65937,9365,4535,21326,20203,587512,713347,634292,79055,63313,39403,422474,482376,13482,12518,6767,8.88,68.24,9.69,160.68,102.22,4.42
2025-T1,2025-03-31,2025,1,C010,CapitalSur Vida S.A.,Local,Seguros de Vida,Vida Individual y Colectiva,95855,89811,51837,11302,7377,15856,9483,53518,59694,11177,7424,18941,20928,599512,694695,596197,98498,88648,39638,431066,558523,21763,5820,5504,9.72,66.47,12.44,223.64,84.99,4.59
2025-T2,2025-06-30,2025,2,C010,CapitalSur Vida S.A.,Local,Seguros de Vida,Vida Individual y Colectiva,103838,101130,54916,12174,8675,17229,10844,60011,65979,16430,5990,18720,19142,596964,728934,646530,82404,74163,33346,427993,553092,21147,12173,5633,10.65,65.24,16.25,222.41,92.92,4.75
2025-T3,2025-09-30,2025,3,C010,CapitalSur Vida S.A.,Local,Seguros de Vida,Vida Individual y Colectiva,98008,95471,53664,11288,8315,15167,9575,58946,65787,15445,5101,14239,15058,602106,680690,594537,86153,77537,33684,430628,498347,19537,8346,8234,7.16,68.91,16.18,230.19,69.91,4.22
2025-T4,2025-12-31,2025,4,C010,CapitalSur Vida S.A.,Local,Seguros de Vida,Vida Individual y Colectiva,111196,109151,58347,14234,9061,18033,11522,55982,64281,10736,8336,34134,33126,631577,796433,697056,99377,50721,35832,426898,536845,18770,9240,8644,6.48,58.89,9.84,141.55,133.33,4.56
2023-T1,2023-03-31,2023,1,C011,AndesCare Vida S.A.,Multinacional,Seguros de Vida,Salud y Protección,72222,67914,23482,29812,4463,5478,8986,48832,51586,10994,3919,5335,7766,306981,346542,309416,37125,33413,18317,505642,560523,20094,9262,9671,5.05,75.96,16.19,182.41,83.67,3.75
2023-T2,2023-06-30,2023,2,C011,AndesCare Vida S.A.,Multinacional,Seguros de Vida,Salud y Protección,76859,75334,23105,32260,4768,6216,10510,52438,57439,12276,2499,5619,6303,309496,368998,324857,44141,39727,21597,505593,612636,16208,13157,10030,5.23,76.25,16.3,183.95,57.12,3.8
2023-T3,2023-09-30,2023,3,C011,AndesCare Vida S.A.,Multinacional,Seguros de Vida,Salud y Protección,84406,83123,25005,35971,5054,6843,11533,55159,57462,10370,3014,15291,14589,325478,387404,343638,43766,28095,20238,509567,624246,15794,16414,11195,4.93,69.13,12.48,138.83,133.33,4.04
2023-T4,2023-12-31,2023,4,C011,AndesCare Vida S.A.,Multinacional,Seguros de Vida,Salud y Protección,83412,80910,26158,33783,4969,6972,11530,57285,60689,13328,2811,6894,8108,331880,424679,390028,34651,32728,19877,524079,631015,18477,11442,5623,10.19,75.01,16.47,164.65,93.59,3.74
2024-T1,2024-03-31,2024,1,C011,AndesCare Vida S.A.,Multinacional,Seguros de Vida,Salud y Protección,79224,74335,25496,32765,4954,6276,9733,48154,53348,7723,3317,13264,13392,343170,434820,390676,44145,30837,16454,511193,639403,23861,15278,6526,7.38,71.77,10.39,187.42,121.35,4.01
2024-T2,2024-06-30,2024,2,C011,AndesCare Vida S.A.,Multinacional,Seguros de Vida,Salud y Protección,84893,80753,26989,35586,5225,6264,10829,51999,58258,12915,4168,9580,11037,337682,422402,371785,50617,45555,23470,520631,591991,13858,14251,5042,10.31,72.14,15.99,194.1,87.22,4.09
2024-T3,2024-09-30,2024,3,C011,AndesCare Vida S.A.,Multinacional,Seguros de Vida,Salud y Protección,80305,77944,26099,32376,4945,6780,10104,48551,54219,11845,4526,11880,13159,358742,426184,382129,44054,39649,18472,520239,664168,22865,15130,11426,4.25,69.56,15.2,214.65,119.48,3.71
2024-T4,2024-12-31,2024,4,C011,AndesCare Vida S.A.,Multinacional,Seguros de Vida,Salud y Protección,90058,86039,27316,37971,5380,7038,12352,64596,66064,13693,3319,6282,7125,364671,451063,413278,37785,27385,17439,518440,599123,13518,7634,8320,7.76,76.78,15.91,157.03,75.43,3.86
2025-T1,2025-03-31,2025,1,C011,AndesCare Vida S.A.,Multinacional,Seguros de Vida,Salud y Protección,84846,81795,26123,36287,4986,6908,10540,60559,64785,11503,4678,5508,8018,362633,426294,381579,44715,31058,18994,514478,556541,14689,13547,5636,10.74,79.2,14.06,163.52,71.72,4.06
2025-T2,2025-06-30,2025,2,C011,AndesCare Vida S.A.,Multinacional,Seguros de Vida,Salud y Protección,81643,78998,26154,34123,4770,6201,10395,52674,55598,9986,4977,13415,14938,392143,484567,439751,44815,30523,18058,516483,614061,17827,9409,4187,12.58,70.38,12.64,169.03,133.33,3.74
2025-T3,2025-09-30,2025,3,C011,AndesCare Vida S.A.,Multinacional,Seguros de Vida,Salud y Protección,86675,85142,25686,38508,5105,6522,10854,54186,60690,10672,4463,13781,15144,400666,461011,415578,45433,38171,19738,519797,585259,14882,11747,4851,11.17,71.28,12.53,193.39,133.33,3.73
2025-T4,2025-12-31,2025,4,C011,AndesCare Vida S.A.,Multinacional,Seguros de Vida,Salud y Protección,92095,90677,28359,37987,5482,7606,12661,61707,64680,11346,5449,14651,15759,396351,466835,416641,50194,46565,20927,518277,631002,16838,11513,11296,5.46,71.33,12.51,222.51,125.58,3.78
2023-T1,2023-03-31,2023,1,C012,Nexo Vida Chile S.A.,Local,Seguros de Vida,"Vida, Ahorro y Accidentes",62248,60054,23130,5763,15499,10941,6916,38947,39924,8469,2782,11661,11937,368943,440012,392479,47533,42780,24774,278991,301842,5565,6229,3350,11.63,66.48,14.1,172.68,100.45,3.23
2023-T2,2023-06-30,2023,2,C012,Nexo Vida Chile S.A.,Local,Seguros de Vida,"Vida, Ahorro y Accidentes",62081,58603,24251,5688,15295,10360,6487,31147,35091,6336,4966,17176,17550,376962,420119,363380,56739,51065,24830,274759,346856,10971,4829,2128,14.64,59.88,10.81,205.66,123.72,3.07
2023-T3,2023-09-30,2023,3,C012,Nexo Vida Chile S.A.,Local,Seguros de Vida,"Vida, Ahorro y Accidentes",70221,66251,25517,6671,18053,12356,7624,36378,40270,8903,2893,17078,16422,382727,444017,394750,49267,30106,21767,274508,317104,9276,7831,4718,7.71,60.78,13.44,138.31,133.33,3.36
2023-T4,2023-12-31,2023,4,C012,Nexo Vida Chile S.A.,Local,Seguros de Vida,"Vida, Ahorro y Accidentes",69617,68208,25316,6485,18209,11704,7904,36730,39878,7309,4641,21021,20372,391972,477100,415983,61117,29230,19958,279170,351630,11630,4833,3319,11.07,58.46,10.72,146.46,133.33,3.12
2024-T1,2024-03-31,2024,1,C012,Nexo Vida Chile S.A.,Local,Seguros de Vida,"Vida, Ahorro y Accidentes",68331,66070,25909,5963,17928,11320,7210,36078,36912,6362,3663,22796,20677,401864,453355,391324,62031,39197,21643,278238,346540,9245,4038,3287,10.98,55.87,9.63,181.11,133.33,3.46
2024-T2,2024-06-30,2024,2,C012,Nexo Vida Chile S.A.,Local,Seguros de Vida,"Vida, Ahorro y Accidentes",68066,65538,26135,6408,16582,11432,7509,36141,38735,9285,3288,17518,16666,426790,484598,434602,49997,45190,25280,284336,373113,15264,3854,3097,11.67,59.1,14.17,178.76,133.33,3.28
2024-T3,2024-09-30,2024,3,C012,Nexo Vida Chile S.A.,Local,Seguros de Vida,"Vida, Ahorro y Accidentes",73309,71652,27537,6556,19358,12118,7740,40272,43646,10852,4892,17154,17904,435069,492674,438963,53711,50521,24500,284652,344268,9461,8998,2314,17.4,60.91,15.15,206.21,133.33,3.39
2024-T4,2024-12-31,2024,4,C012,Nexo Vida Chile S.A.,Local,Seguros de Vida,"Vida, Ahorro y Accidentes",73775,72450,29150,6904,18157,11849,7715,43063,47463,10319,5664,14668,16473,437751,504881,447436,57445,53537,30381,283439,345914,8660,8023,3666,11.75,65.51,14.24,176.22,114.71,3.16
2025-T1,2025-03-31,2025,1,C012,Nexo Vida Chile S.A.,Local,Seguros de Vida,"Vida, Ahorro y Accidentes",68424,63984,26251,6196,16864,11918,7195,38904,40013,10282,6094,13689,15647,435664,533589,478072,55517,35487,21835,284261,327022,7416,5708,2506,15.52,62.54,16.07,162.52,112.74,3.27
2025-T2,2025-06-30,2025,2,C012,Nexo Vida Chile S.A.,Local,Seguros de Vida,"Vida, Ahorro y Accidentes",70691,68018,27365,6044,17100,12356,7826,39893,41513,10250,5893,16256,17792,443934,561081,507707,53375,43867,26095,284347,350885,10952,3649,3696,10.79,61.03,15.07,168.1,133.33,3.23
2025-T3,2025-09-30,2025,3,C012,Nexo Vida Chile S.A.,Local,Seguros de Vida,"Vida, Ahorro y Accidentes",70052,66156,26770,6240,17318,11462,8262,39727,43494,8140,6016,14522,16258,466815,543855,495080,48775,33667,22626,285692,365556,13563,8619,5474,7.26,65.74,12.3,148.8,133.33,3.01
2025-T4,2025-12-31,2025,4,C012,Nexo Vida Chile S.A.,Local,Seguros de Vida,"Vida, Ahorro y Accidentes",81017,79670,29574,6973,21150,14017,9302,46711,48172,12917,6458,18581,20256,485736,616588,552203,64385,48115,28987,288848,378260,10842,7325,5949,7.85,60.46,16.21,165.99,125.84,3.33
